{
  "creator": "Yosys 0.47 (git sha1 647d61dd9, g++-11 11.4.0-1ubuntu1~22.04 -fPIC -O3)",
  "modules": {
    "dna_detector": {
      "attributes": {
        "top": "00000000000000000000000000000001",
        "src": "/home/lexo/Desktop/Practica/App/library/verilogs/temp_ca8bde96230f4ae8ae41e3e8af092763.v:2.7-13.10"
      },
      "ports": {
        "outX": {
          "direction": "output",
          "bits": [ 2 ]
        },
        "outY": {
          "direction": "output",
          "bits": [ 3 ]
        },
        "outZ": {
          "direction": "output",
          "bits": [ 4 ]
        },
        "seq_in[0]": {
          "direction": "input",
          "bits": [ 5 ]
        },
        "seq_in[1]": {
          "direction": "input",
          "offset": 1,
          "bits": [ 6 ]
        },
        "seq_in[2]": {
          "direction": "input",
          "offset": 2,
          "bits": [ 7 ]
        }
      },
      "cells": {
        "$abc$88$auto$blifparse.cc:396:parse_blif$89": {
          "hide_name": 1,
          "type": "$_NOT_",
          "parameters": {
          },
          "attributes": {
          },
          "port_directions": {
            "A": "input",
            "Y": "output"
          },
          "connections": {
            "A": [ 7 ],
            "Y": [ 8 ]
          }
        },
        "$abc$88$auto$blifparse.cc:396:parse_blif$90": {
          "hide_name": 1,
          "type": "$_NOT_",
          "parameters": {
          },
          "attributes": {
          },
          "port_directions": {
            "A": "input",
            "Y": "output"
          },
          "connections": {
            "A": [ 5 ],
            "Y": [ 9 ]
          }
        },
        "$abc$88$auto$blifparse.cc:396:parse_blif$91": {
          "hide_name": 1,
          "type": "$_NOR_",
          "parameters": {
          },
          "attributes": {
          },
          "port_directions": {
            "A": "input",
            "B": "input",
            "Y": "output"
          },
          "connections": {
            "A": [ 6 ],
            "B": [ 8 ],
            "Y": [ 3 ]
          }
        },
        "$abc$88$auto$blifparse.cc:396:parse_blif$92": {
          "hide_name": 1,
          "type": "$_NOT_",
          "parameters": {
          },
          "attributes": {
          },
          "port_directions": {
            "A": "input",
            "Y": "output"
          },
          "connections": {
            "A": [ 3 ],
            "Y": [ 4 ]
          }
        },
        "$abc$88$auto$blifparse.cc:396:parse_blif$93": {
          "hide_name": 1,
          "type": "$_NOR_",
          "parameters": {
          },
          "attributes": {
          },
          "port_directions": {
            "A": "input",
            "B": "input",
            "Y": "output"
          },
          "connections": {
            "A": [ 6 ],
            "B": [ 7 ],
            "Y": [ 10 ]
          }
        },
        "$abc$88$auto$blifparse.cc:396:parse_blif$94": {
          "hide_name": 1,
          "type": "$_NOR_",
          "parameters": {
          },
          "attributes": {
          },
          "port_directions": {
            "A": "input",
            "B": "input",
            "Y": "output"
          },
          "connections": {
            "A": [ 9 ],
            "B": [ 10 ],
            "Y": [ 2 ]
          }
        }
      },
      "netnames": {
        "$abc$88$new_n11": {
          "hide_name": 1,
          "bits": [ 10 ],
          "attributes": {
          }
        },
        "$abc$88$new_n7": {
          "hide_name": 1,
          "bits": [ 8 ],
          "attributes": {
          }
        },
        "$abc$88$new_n8": {
          "hide_name": 1,
          "bits": [ 9 ],
          "attributes": {
          }
        },
        "outX": {
          "hide_name": 0,
          "bits": [ 2 ],
          "attributes": {
            "src": "/home/lexo/Desktop/Practica/App/library/verilogs/temp_ca8bde96230f4ae8ae41e3e8af092763.v:2.34-2.38"
          }
        },
        "outY": {
          "hide_name": 0,
          "bits": [ 3 ],
          "attributes": {
            "src": "/home/lexo/Desktop/Practica/App/library/verilogs/temp_ca8bde96230f4ae8ae41e3e8af092763.v:2.40-2.44"
          }
        },
        "outZ": {
          "hide_name": 0,
          "bits": [ 4 ],
          "attributes": {
            "src": "/home/lexo/Desktop/Practica/App/library/verilogs/temp_ca8bde96230f4ae8ae41e3e8af092763.v:2.46-2.50"
          }
        },
        "seq_in[0]": {
          "hide_name": 0,
          "bits": [ 5 ],
          "attributes": {
            "src": "/home/lexo/Desktop/Practica/App/library/verilogs/temp_ca8bde96230f4ae8ae41e3e8af092763.v:2.64-2.70"
          }
        },
        "seq_in[1]": {
          "hide_name": 0,
          "bits": [ 6 ],
          "offset": 1,
          "attributes": {
            "src": "/home/lexo/Desktop/Practica/App/library/verilogs/temp_ca8bde96230f4ae8ae41e3e8af092763.v:2.64-2.70"
          }
        },
        "seq_in[2]": {
          "hide_name": 0,
          "bits": [ 7 ],
          "offset": 2,
          "attributes": {
            "src": "/home/lexo/Desktop/Practica/App/library/verilogs/temp_ca8bde96230f4ae8ae41e3e8af092763.v:2.64-2.70"
          }
        }
      }
    }
  }
}
