{
  "creator": "Yosys 0.33 (git sha1 2584903a060)",
  "modules": {
    "AND_GATE_3IN_1OUT": {
      "attributes": {
        "top": "00000000000000000000000000000001",
        "src": "/home/lexo/Desktop/Practica/App/library/verilogs/temp_1c3f4d65248e4316bc87d3abc99a0ed7.v:1.2-8.14"
      },
      "ports": {
        "A": {
          "direction": "input",
          "bits": [ 2 ]
        },
        "B": {
          "direction": "input",
          "bits": [ 3 ]
        },
        "C": {
          "direction": "input",
          "bits": [ 4 ]
        },
        "Y": {
          "direction": "output",
          "bits": [ 5 ]
        }
      },
      "cells": {
        "$abc$82$auto$blifparse.cc:386:parse_blif$83": {
          "hide_name": 1,
          "type": "$_NOT_",
          "parameters": {
          },
          "attributes": {
          },
          "port_directions": {
            "A": "input",
            "Y": "output"
          },
          "connections": {
            "A": [ 2 ],
            "Y": [ 6 ]
          }
        },
        "$abc$82$auto$blifparse.cc:386:parse_blif$84": {
          "hide_name": 1,
          "type": "$_NOT_",
          "parameters": {
          },
          "attributes": {
          },
          "port_directions": {
            "A": "input",
            "Y": "output"
          },
          "connections": {
            "A": [ 3 ],
            "Y": [ 7 ]
          }
        },
        "$abc$82$auto$blifparse.cc:386:parse_blif$85": {
          "hide_name": 1,
          "type": "$_NOT_",
          "parameters": {
          },
          "attributes": {
          },
          "port_directions": {
            "A": "input",
            "Y": "output"
          },
          "connections": {
            "A": [ 4 ],
            "Y": [ 8 ]
          }
        },
        "$abc$82$auto$blifparse.cc:386:parse_blif$86": {
          "hide_name": 1,
          "type": "$_NOR_",
          "parameters": {
          },
          "attributes": {
          },
          "port_directions": {
            "A": "input",
            "B": "input",
            "Y": "output"
          },
          "connections": {
            "A": [ 6 ],
            "B": [ 7 ],
            "Y": [ 9 ]
          }
        },
        "$abc$82$auto$blifparse.cc:386:parse_blif$87": {
          "hide_name": 1,
          "type": "$_NOT_",
          "parameters": {
          },
          "attributes": {
          },
          "port_directions": {
            "A": "input",
            "Y": "output"
          },
          "connections": {
            "A": [ 9 ],
            "Y": [ 10 ]
          }
        },
        "$abc$82$auto$blifparse.cc:386:parse_blif$88": {
          "hide_name": 1,
          "type": "$_NOR_",
          "parameters": {
          },
          "attributes": {
          },
          "port_directions": {
            "A": "input",
            "B": "input",
            "Y": "output"
          },
          "connections": {
            "A": [ 8 ],
            "B": [ 10 ],
            "Y": [ 5 ]
          }
        }
      },
      "netnames": {
        "$abc$82$new_n5_": {
          "hide_name": 1,
          "bits": [ 6 ],
          "attributes": {
          }
        },
        "$abc$82$new_n6_": {
          "hide_name": 1,
          "bits": [ 7 ],
          "attributes": {
          }
        },
        "$abc$82$new_n7_": {
          "hide_name": 1,
          "bits": [ 8 ],
          "attributes": {
          }
        },
        "$abc$82$new_n8_": {
          "hide_name": 1,
          "bits": [ 9 ],
          "attributes": {
          }
        },
        "$abc$82$new_n9_": {
          "hide_name": 1,
          "bits": [ 10 ],
          "attributes": {
          }
        },
        "A": {
          "hide_name": 0,
          "bits": [ 2 ],
          "attributes": {
            "src": "/home/lexo/Desktop/Practica/App/library/verilogs/temp_1c3f4d65248e4316bc87d3abc99a0ed7.v:2.13-2.14"
          }
        },
        "B": {
          "hide_name": 0,
          "bits": [ 3 ],
          "attributes": {
            "src": "/home/lexo/Desktop/Practica/App/library/verilogs/temp_1c3f4d65248e4316bc87d3abc99a0ed7.v:3.13-3.14"
          }
        },
        "C": {
          "hide_name": 0,
          "bits": [ 4 ],
          "attributes": {
            "src": "/home/lexo/Desktop/Practica/App/library/verilogs/temp_1c3f4d65248e4316bc87d3abc99a0ed7.v:4.13-4.14"
          }
        },
        "Y": {
          "hide_name": 0,
          "bits": [ 5 ],
          "attributes": {
            "src": "/home/lexo/Desktop/Practica/App/library/verilogs/temp_1c3f4d65248e4316bc87d3abc99a0ed7.v:5.14-5.15"
          }
        }
      }
    }
  }
}
