{
  "creator": "Yosys 0.33 (git sha1 2584903a060)",
  "modules": {
    "genetic_circuit": {
      "attributes": {
        "top": "00000000000000000000000000000001",
        "src": "/home/lexo/Desktop/Practica/App/library/verilogs/temp_56489c3e670f468bafb5b9f63f9ed8a5.v:1.2-3.12"
      },
      "ports": {
        "YFP": {
          "direction": "input",
          "bits": [ 2 ]
        },
        "TetR": {
          "direction": "input",
          "bits": [ 3 ]
        },
        "LacI": {
          "direction": "input",
          "bits": [ 4 ]
        },
        "out": {
          "direction": "output",
          "bits": [ 5 ]
        }
      },
      "cells": {
        "$abc$84$auto$blifparse.cc:386:parse_blif$85": {
          "hide_name": 1,
          "type": "$_NOT_",
          "parameters": {
          },
          "attributes": {
          },
          "port_directions": {
            "A": "input",
            "Y": "output"
          },
          "connections": {
            "A": [ 3 ],
            "Y": [ 6 ]
          }
        },
        "$abc$84$auto$blifparse.cc:386:parse_blif$86": {
          "hide_name": 1,
          "type": "$_NOT_",
          "parameters": {
          },
          "attributes": {
          },
          "port_directions": {
            "A": "input",
            "Y": "output"
          },
          "connections": {
            "A": [ 4 ],
            "Y": [ 7 ]
          }
        },
        "$abc$84$auto$blifparse.cc:386:parse_blif$87": {
          "hide_name": 1,
          "type": "$_NOR_",
          "parameters": {
          },
          "attributes": {
          },
          "port_directions": {
            "A": "input",
            "B": "input",
            "Y": "output"
          },
          "connections": {
            "A": [ 2 ],
            "B": [ 6 ],
            "Y": [ 8 ]
          }
        },
        "$abc$84$auto$blifparse.cc:386:parse_blif$88": {
          "hide_name": 1,
          "type": "$_NOT_",
          "parameters": {
          },
          "attributes": {
          },
          "port_directions": {
            "A": "input",
            "Y": "output"
          },
          "connections": {
            "A": [ 8 ],
            "Y": [ 9 ]
          }
        },
        "$abc$84$auto$blifparse.cc:386:parse_blif$89": {
          "hide_name": 1,
          "type": "$_NOR_",
          "parameters": {
          },
          "attributes": {
          },
          "port_directions": {
            "A": "input",
            "B": "input",
            "Y": "output"
          },
          "connections": {
            "A": [ 7 ],
            "B": [ 9 ],
            "Y": [ 5 ]
          }
        }
      },
      "netnames": {
        "$abc$84$new_n5_": {
          "hide_name": 1,
          "bits": [ 6 ],
          "attributes": {
          }
        },
        "$abc$84$new_n6_": {
          "hide_name": 1,
          "bits": [ 7 ],
          "attributes": {
          }
        },
        "$abc$84$new_n7_": {
          "hide_name": 1,
          "bits": [ 8 ],
          "attributes": {
          }
        },
        "$abc$84$new_n8_": {
          "hide_name": 1,
          "bits": [ 9 ],
          "attributes": {
          }
        },
        "LacI": {
          "hide_name": 0,
          "bits": [ 4 ],
          "attributes": {
            "src": "/home/lexo/Desktop/Practica/App/library/verilogs/temp_56489c3e670f468bafb5b9f63f9ed8a5.v:1.54-1.58"
          }
        },
        "TetR": {
          "hide_name": 0,
          "bits": [ 3 ],
          "attributes": {
            "src": "/home/lexo/Desktop/Practica/App/library/verilogs/temp_56489c3e670f468bafb5b9f63f9ed8a5.v:1.42-1.46"
          }
        },
        "YFP": {
          "hide_name": 0,
          "bits": [ 2 ],
          "attributes": {
            "src": "/home/lexo/Desktop/Practica/App/library/verilogs/temp_56489c3e670f468bafb5b9f63f9ed8a5.v:1.31-1.34"
          }
        },
        "out": {
          "hide_name": 0,
          "bits": [ 5 ],
          "attributes": {
            "src": "/home/lexo/Desktop/Practica/App/library/verilogs/temp_56489c3e670f468bafb5b9f63f9ed8a5.v:1.67-1.70"
          }
        }
      }
    }
  }
}
