{
  "creator": "Yosys 0.33 (git sha1 2584903a060)",
  "modules": {
    "ecoli_and_gate": {
      "attributes": {
        "top": "00000000000000000000000000000001",
        "src": "/home/lexo/Desktop/Practica/App/cello/library/verilogs/temp_06c6da9dc5c14402b7afa10a6640dd91.v:1.1-6.10"
      },
      "ports": {
        "out": {
          "direction": "output",
          "bits": [ 2 ]
        },
        "tetR_input": {
          "direction": "input",
          "bits": [ 3 ]
        },
        "lacI_input": {
          "direction": "input",
          "bits": [ 4 ]
        }
      },
      "cells": {
        "$abc$81$auto$blifparse.cc:386:parse_blif$82": {
          "hide_name": 1,
          "type": "$_NOT_",
          "parameters": {
          },
          "attributes": {
          },
          "port_directions": {
            "A": "input",
            "Y": "output"
          },
          "connections": {
            "A": [ 3 ],
            "Y": [ 5 ]
          }
        },
        "$abc$81$auto$blifparse.cc:386:parse_blif$83": {
          "hide_name": 1,
          "type": "$_NOT_",
          "parameters": {
          },
          "attributes": {
          },
          "port_directions": {
            "A": "input",
            "Y": "output"
          },
          "connections": {
            "A": [ 4 ],
            "Y": [ 6 ]
          }
        },
        "$abc$81$auto$blifparse.cc:386:parse_blif$84": {
          "hide_name": 1,
          "type": "$_NOR_",
          "parameters": {
          },
          "attributes": {
          },
          "port_directions": {
            "A": "input",
            "B": "input",
            "Y": "output"
          },
          "connections": {
            "A": [ 5 ],
            "B": [ 6 ],
            "Y": [ 2 ]
          }
        }
      },
      "netnames": {
        "$abc$81$new_n4_": {
          "hide_name": 1,
          "bits": [ 5 ],
          "attributes": {
          }
        },
        "$abc$81$new_n5_": {
          "hide_name": 1,
          "bits": [ 6 ],
          "attributes": {
          }
        },
        "lacI_input": {
          "hide_name": 0,
          "bits": [ 4 ],
          "attributes": {
            "src": "/home/lexo/Desktop/Practica/App/cello/library/verilogs/temp_06c6da9dc5c14402b7afa10a6640dd91.v:1.53-1.63"
          }
        },
        "out": {
          "hide_name": 0,
          "bits": [ 2 ],
          "attributes": {
            "src": "/home/lexo/Desktop/Practica/App/cello/library/verilogs/temp_06c6da9dc5c14402b7afa10a6640dd91.v:1.30-1.33"
          }
        },
        "tetR_input": {
          "hide_name": 0,
          "bits": [ 3 ],
          "attributes": {
            "src": "/home/lexo/Desktop/Practica/App/cello/library/verilogs/temp_06c6da9dc5c14402b7afa10a6640dd91.v:1.41-1.51"
          }
        }
      }
    }
  }
}
