{
  "creator": "Yosys 0.47 (git sha1 647d61dd9, g++-11 11.4.0-1ubuntu1~22.04 -fPIC -O3)",
  "modules": {
    "top": {
      "attributes": {
        "top": "00000000000000000000000000000001",
        "src": "/home/lexo/Desktop/Practica/App/library/verilogs/temp_efca7eb8784b4d258a6b41e3242d49d4.v:1.2-11.12"
      },
      "ports": {
        "tetr": {
          "direction": "input",
          "bits": [ 2 ]
        },
        "lac": {
          "direction": "input",
          "bits": [ 3 ]
        },
        "sensor2": {
          "direction": "input",
          "bits": [ 4 ]
        },
        "YFP": {
          "direction": "output",
          "bits": [ 5 ]
        },
        "BFP": {
          "direction": "output",
          "bits": [ 6 ]
        }
      },
      "cells": {
        "$abc$88$auto$blifparse.cc:396:parse_blif$89": {
          "hide_name": 1,
          "type": "$_NOT_",
          "parameters": {
          },
          "attributes": {
          },
          "port_directions": {
            "A": "input",
            "Y": "output"
          },
          "connections": {
            "A": [ 4 ],
            "Y": [ 7 ]
          }
        },
        "$abc$88$auto$blifparse.cc:396:parse_blif$90": {
          "hide_name": 1,
          "type": "$_NOT_",
          "parameters": {
          },
          "attributes": {
          },
          "port_directions": {
            "A": "input",
            "Y": "output"
          },
          "connections": {
            "A": [ 2 ],
            "Y": [ 8 ]
          }
        },
        "$abc$88$auto$blifparse.cc:396:parse_blif$91": {
          "hide_name": 1,
          "type": "$_NOT_",
          "parameters": {
          },
          "attributes": {
          },
          "port_directions": {
            "A": "input",
            "Y": "output"
          },
          "connections": {
            "A": [ 3 ],
            "Y": [ 9 ]
          }
        },
        "$abc$88$auto$blifparse.cc:396:parse_blif$92": {
          "hide_name": 1,
          "type": "$_NOR_",
          "parameters": {
          },
          "attributes": {
          },
          "port_directions": {
            "A": "input",
            "B": "input",
            "Y": "output"
          },
          "connections": {
            "A": [ 8 ],
            "B": [ 9 ],
            "Y": [ 10 ]
          }
        },
        "$abc$88$auto$blifparse.cc:396:parse_blif$93": {
          "hide_name": 1,
          "type": "$_NOT_",
          "parameters": {
          },
          "attributes": {
          },
          "port_directions": {
            "A": "input",
            "Y": "output"
          },
          "connections": {
            "A": [ 10 ],
            "Y": [ 11 ]
          }
        },
        "$abc$88$auto$blifparse.cc:396:parse_blif$94": {
          "hide_name": 1,
          "type": "$_NOR_",
          "parameters": {
          },
          "attributes": {
          },
          "port_directions": {
            "A": "input",
            "B": "input",
            "Y": "output"
          },
          "connections": {
            "A": [ 4 ],
            "B": [ 11 ],
            "Y": [ 5 ]
          }
        },
        "$abc$88$auto$blifparse.cc:396:parse_blif$95": {
          "hide_name": 1,
          "type": "$_NOR_",
          "parameters": {
          },
          "attributes": {
          },
          "port_directions": {
            "A": "input",
            "B": "input",
            "Y": "output"
          },
          "connections": {
            "A": [ 7 ],
            "B": [ 11 ],
            "Y": [ 6 ]
          }
        }
      },
      "netnames": {
        "$abc$88$new_n10": {
          "hide_name": 1,
          "bits": [ 11 ],
          "attributes": {
          }
        },
        "$abc$88$new_n6": {
          "hide_name": 1,
          "bits": [ 7 ],
          "attributes": {
          }
        },
        "$abc$88$new_n7": {
          "hide_name": 1,
          "bits": [ 8 ],
          "attributes": {
          }
        },
        "$abc$88$new_n8": {
          "hide_name": 1,
          "bits": [ 9 ],
          "attributes": {
          }
        },
        "$abc$88$new_n9": {
          "hide_name": 1,
          "bits": [ 10 ],
          "attributes": {
          }
        },
        "BFP": {
          "hide_name": 0,
          "bits": [ 6 ],
          "attributes": {
            "src": "/home/lexo/Desktop/Practica/App/library/verilogs/temp_efca7eb8784b4d258a6b41e3242d49d4.v:6.19-6.22"
          }
        },
        "YFP": {
          "hide_name": 0,
          "bits": [ 5 ],
          "attributes": {
            "src": "/home/lexo/Desktop/Practica/App/library/verilogs/temp_efca7eb8784b4d258a6b41e3242d49d4.v:5.19-5.22"
          }
        },
        "lac": {
          "hide_name": 0,
          "bits": [ 3 ],
          "attributes": {
            "src": "/home/lexo/Desktop/Practica/App/library/verilogs/temp_efca7eb8784b4d258a6b41e3242d49d4.v:3.18-3.21"
          }
        },
        "sensor2": {
          "hide_name": 0,
          "bits": [ 4 ],
          "attributes": {
            "src": "/home/lexo/Desktop/Practica/App/library/verilogs/temp_efca7eb8784b4d258a6b41e3242d49d4.v:4.18-4.25"
          }
        },
        "tetr": {
          "hide_name": 0,
          "bits": [ 2 ],
          "attributes": {
            "src": "/home/lexo/Desktop/Practica/App/library/verilogs/temp_efca7eb8784b4d258a6b41e3242d49d4.v:2.18-2.22"
          }
        }
      }
    }
  }
}
