{
  "creator": "Yosys 0.33 (git sha1 2584903a060)",
  "modules": {
    "top": {
      "attributes": {
        "top": "00000000000000000000000000000001",
        "src": "/home/lexo/Desktop/Practica/App/cello/library/verilogs/temp_76c340051ef145a287ad251af35ef9b8.v:1.2-9.12"
      },
      "ports": {
        "A": {
          "direction": "input",
          "bits": [ 2 ]
        },
        "B": {
          "direction": "input",
          "bits": [ 3 ]
        },
        "TetR": {
          "direction": "input",
          "bits": [ 4 ]
        },
        "LacI": {
          "direction": "input",
          "bits": [ 5 ]
        },
        "Y": {
          "direction": "output",
          "bits": [ 6 ]
        }
      },
      "cells": {
        "$abc$88$auto$blifparse.cc:386:parse_blif$89": {
          "hide_name": 1,
          "type": "$_NOT_",
          "parameters": {
          },
          "attributes": {
          },
          "port_directions": {
            "A": "input",
            "Y": "output"
          },
          "connections": {
            "A": [ 4 ],
            "Y": [ 7 ]
          }
        },
        "$abc$88$auto$blifparse.cc:386:parse_blif$90": {
          "hide_name": 1,
          "type": "$_NOT_",
          "parameters": {
          },
          "attributes": {
          },
          "port_directions": {
            "A": "input",
            "Y": "output"
          },
          "connections": {
            "A": [ 5 ],
            "Y": [ 8 ]
          }
        },
        "$abc$88$auto$blifparse.cc:386:parse_blif$91": {
          "hide_name": 1,
          "type": "$_NOT_",
          "parameters": {
          },
          "attributes": {
          },
          "port_directions": {
            "A": "input",
            "Y": "output"
          },
          "connections": {
            "A": [ 2 ],
            "Y": [ 9 ]
          }
        },
        "$abc$88$auto$blifparse.cc:386:parse_blif$92": {
          "hide_name": 1,
          "type": "$_NOT_",
          "parameters": {
          },
          "attributes": {
          },
          "port_directions": {
            "A": "input",
            "Y": "output"
          },
          "connections": {
            "A": [ 3 ],
            "Y": [ 10 ]
          }
        },
        "$abc$88$auto$blifparse.cc:386:parse_blif$93": {
          "hide_name": 1,
          "type": "$_NOR_",
          "parameters": {
          },
          "attributes": {
          },
          "port_directions": {
            "A": "input",
            "B": "input",
            "Y": "output"
          },
          "connections": {
            "A": [ 7 ],
            "B": [ 8 ],
            "Y": [ 11 ]
          }
        },
        "$abc$88$auto$blifparse.cc:386:parse_blif$94": {
          "hide_name": 1,
          "type": "$_NOR_",
          "parameters": {
          },
          "attributes": {
          },
          "port_directions": {
            "A": "input",
            "B": "input",
            "Y": "output"
          },
          "connections": {
            "A": [ 9 ],
            "B": [ 10 ],
            "Y": [ 12 ]
          }
        },
        "$abc$88$auto$blifparse.cc:386:parse_blif$95": {
          "hide_name": 1,
          "type": "$_NOT_",
          "parameters": {
          },
          "attributes": {
          },
          "port_directions": {
            "A": "input",
            "Y": "output"
          },
          "connections": {
            "A": [ 12 ],
            "Y": [ 13 ]
          }
        },
        "$abc$88$auto$blifparse.cc:386:parse_blif$96": {
          "hide_name": 1,
          "type": "$_NOR_",
          "parameters": {
          },
          "attributes": {
          },
          "port_directions": {
            "A": "input",
            "B": "input",
            "Y": "output"
          },
          "connections": {
            "A": [ 11 ],
            "B": [ 13 ],
            "Y": [ 6 ]
          }
        }
      },
      "netnames": {
        "$abc$88$new_n10_": {
          "hide_name": 1,
          "bits": [ 11 ],
          "attributes": {
          }
        },
        "$abc$88$new_n11_": {
          "hide_name": 1,
          "bits": [ 12 ],
          "attributes": {
          }
        },
        "$abc$88$new_n12_": {
          "hide_name": 1,
          "bits": [ 13 ],
          "attributes": {
          }
        },
        "$abc$88$new_n6_": {
          "hide_name": 1,
          "bits": [ 7 ],
          "attributes": {
          }
        },
        "$abc$88$new_n7_": {
          "hide_name": 1,
          "bits": [ 8 ],
          "attributes": {
          }
        },
        "$abc$88$new_n8_": {
          "hide_name": 1,
          "bits": [ 9 ],
          "attributes": {
          }
        },
        "$abc$88$new_n9_": {
          "hide_name": 1,
          "bits": [ 10 ],
          "attributes": {
          }
        },
        "A": {
          "hide_name": 0,
          "bits": [ 2 ],
          "attributes": {
            "src": "/home/lexo/Desktop/Practica/App/cello/library/verilogs/temp_76c340051ef145a287ad251af35ef9b8.v:2.18-2.19"
          }
        },
        "B": {
          "hide_name": 0,
          "bits": [ 3 ],
          "attributes": {
            "src": "/home/lexo/Desktop/Practica/App/cello/library/verilogs/temp_76c340051ef145a287ad251af35ef9b8.v:3.18-3.19"
          }
        },
        "LacI": {
          "hide_name": 0,
          "bits": [ 5 ],
          "attributes": {
            "src": "/home/lexo/Desktop/Practica/App/cello/library/verilogs/temp_76c340051ef145a287ad251af35ef9b8.v:5.18-5.22"
          }
        },
        "TetR": {
          "hide_name": 0,
          "bits": [ 4 ],
          "attributes": {
            "src": "/home/lexo/Desktop/Practica/App/cello/library/verilogs/temp_76c340051ef145a287ad251af35ef9b8.v:4.18-4.22"
          }
        },
        "Y": {
          "hide_name": 0,
          "bits": [ 6 ],
          "attributes": {
            "src": "/home/lexo/Desktop/Practica/App/cello/library/verilogs/temp_76c340051ef145a287ad251af35ef9b8.v:6.19-6.20"
          }
        }
      }
    }
  }
}
