{
  "creator": "Yosys 0.47 (git sha1 647d61dd9, g++-11 11.4.0-1ubuntu1~22.04 -fPIC -O3)",
  "modules": {
    "top": {
      "attributes": {
        "top": "00000000000000000000000000000001",
        "src": "/home/lexo/Desktop/Practica/App/library/verilogs/temp_e024c773cfc94607a2e023da519792bb.v:1.2-3.13"
      },
      "ports": {
        "A": {
          "direction": "input",
          "bits": [ 2 ]
        },
        "B": {
          "direction": "input",
          "bits": [ 3 ]
        },
        "Y": {
          "direction": "output",
          "bits": [ 4 ]
        }
      },
      "cells": {
        "$abc$80$auto$blifparse.cc:396:parse_blif$81": {
          "hide_name": 1,
          "type": "$_NOT_",
          "parameters": {
          },
          "attributes": {
          },
          "port_directions": {
            "A": "input",
            "Y": "output"
          },
          "connections": {
            "A": [ 2 ],
            "Y": [ 5 ]
          }
        },
        "$abc$80$auto$blifparse.cc:396:parse_blif$82": {
          "hide_name": 1,
          "type": "$_NOT_",
          "parameters": {
          },
          "attributes": {
          },
          "port_directions": {
            "A": "input",
            "Y": "output"
          },
          "connections": {
            "A": [ 3 ],
            "Y": [ 6 ]
          }
        },
        "$abc$80$auto$blifparse.cc:396:parse_blif$83": {
          "hide_name": 1,
          "type": "$_NOR_",
          "parameters": {
          },
          "attributes": {
          },
          "port_directions": {
            "A": "input",
            "B": "input",
            "Y": "output"
          },
          "connections": {
            "A": [ 5 ],
            "B": [ 6 ],
            "Y": [ 4 ]
          }
        }
      },
      "netnames": {
        "$abc$80$new_n4": {
          "hide_name": 1,
          "bits": [ 5 ],
          "attributes": {
          }
        },
        "$abc$80$new_n5": {
          "hide_name": 1,
          "bits": [ 6 ],
          "attributes": {
          }
        },
        "A": {
          "hide_name": 0,
          "bits": [ 2 ],
          "attributes": {
            "src": "/home/lexo/Desktop/Practica/App/library/verilogs/temp_e024c773cfc94607a2e023da519792bb.v:1.20-1.21"
          }
        },
        "B": {
          "hide_name": 0,
          "bits": [ 3 ],
          "attributes": {
            "src": "/home/lexo/Desktop/Practica/App/library/verilogs/temp_e024c773cfc94607a2e023da519792bb.v:1.29-1.30"
          }
        },
        "Y": {
          "hide_name": 0,
          "bits": [ 4 ],
          "attributes": {
            "src": "/home/lexo/Desktop/Practica/App/library/verilogs/temp_e024c773cfc94607a2e023da519792bb.v:1.39-1.40"
          }
        }
      }
    }
  }
}
