{
  "creator": "Yosys 0.47 (git sha1 647d61dd9, g++-11 11.4.0-1ubuntu1~22.04 -fPIC -O3)",
  "modules": {
    "priority_detector": {
      "attributes": {
        "top": "00000000000000000000000000000001",
        "src": "/home/lexo/Desktop/Practica/App/library/verilogs/temp_90f06ed6dcdc414caf91b449cfc3cf9d.v:2.7-17.16"
      },
      "ports": {
        "outX": {
          "direction": "output",
          "bits": [ 2 ]
        },
        "outY": {
          "direction": "output",
          "bits": [ 3 ]
        },
        "A": {
          "direction": "input",
          "bits": [ 4 ]
        },
        "B": {
          "direction": "input",
          "bits": [ 5 ]
        },
        "C": {
          "direction": "input",
          "bits": [ 6 ]
        }
      },
      "cells": {
        "$abc$117$auto$blifparse.cc:396:parse_blif$118": {
          "hide_name": 1,
          "type": "$_NOT_",
          "parameters": {
          },
          "attributes": {
          },
          "port_directions": {
            "A": "input",
            "Y": "output"
          },
          "connections": {
            "A": [ 4 ],
            "Y": [ 7 ]
          }
        },
        "$abc$117$auto$blifparse.cc:396:parse_blif$119": {
          "hide_name": 1,
          "type": "$_NOT_",
          "parameters": {
          },
          "attributes": {
          },
          "port_directions": {
            "A": "input",
            "Y": "output"
          },
          "connections": {
            "A": [ 6 ],
            "Y": [ 8 ]
          }
        },
        "$abc$117$auto$blifparse.cc:396:parse_blif$120": {
          "hide_name": 1,
          "type": "$_NOR_",
          "parameters": {
          },
          "attributes": {
          },
          "port_directions": {
            "A": "input",
            "B": "input",
            "Y": "output"
          },
          "connections": {
            "A": [ 7 ],
            "B": [ 5 ],
            "Y": [ 2 ]
          }
        },
        "$abc$117$auto$blifparse.cc:396:parse_blif$121": {
          "hide_name": 1,
          "type": "$_NOR_",
          "parameters": {
          },
          "attributes": {
          },
          "port_directions": {
            "A": "input",
            "B": "input",
            "Y": "output"
          },
          "connections": {
            "A": [ 4 ],
            "B": [ 5 ],
            "Y": [ 9 ]
          }
        },
        "$abc$117$auto$blifparse.cc:396:parse_blif$122": {
          "hide_name": 1,
          "type": "$_NOT_",
          "parameters": {
          },
          "attributes": {
          },
          "port_directions": {
            "A": "input",
            "Y": "output"
          },
          "connections": {
            "A": [ 9 ],
            "Y": [ 10 ]
          }
        },
        "$abc$117$auto$blifparse.cc:396:parse_blif$123": {
          "hide_name": 1,
          "type": "$_NOR_",
          "parameters": {
          },
          "attributes": {
          },
          "port_directions": {
            "A": "input",
            "B": "input",
            "Y": "output"
          },
          "connections": {
            "A": [ 8 ],
            "B": [ 10 ],
            "Y": [ 3 ]
          }
        }
      },
      "netnames": {
        "$abc$117$new_n10": {
          "hide_name": 1,
          "bits": [ 10 ],
          "attributes": {
          }
        },
        "$abc$117$new_n6": {
          "hide_name": 1,
          "bits": [ 7 ],
          "attributes": {
          }
        },
        "$abc$117$new_n7": {
          "hide_name": 1,
          "bits": [ 8 ],
          "attributes": {
          }
        },
        "$abc$117$new_n9": {
          "hide_name": 1,
          "bits": [ 9 ],
          "attributes": {
          }
        },
        "A": {
          "hide_name": 0,
          "bits": [ 4 ],
          "attributes": {
            "src": "/home/lexo/Desktop/Practica/App/library/verilogs/temp_90f06ed6dcdc414caf91b449cfc3cf9d.v:2.57-2.58"
          }
        },
        "B": {
          "hide_name": 0,
          "bits": [ 5 ],
          "attributes": {
            "src": "/home/lexo/Desktop/Practica/App/library/verilogs/temp_90f06ed6dcdc414caf91b449cfc3cf9d.v:2.60-2.61"
          }
        },
        "C": {
          "hide_name": 0,
          "bits": [ 6 ],
          "attributes": {
            "src": "/home/lexo/Desktop/Practica/App/library/verilogs/temp_90f06ed6dcdc414caf91b449cfc3cf9d.v:2.63-2.64"
          }
        },
        "outX": {
          "hide_name": 0,
          "bits": [ 2 ],
          "attributes": {
            "src": "/home/lexo/Desktop/Practica/App/library/verilogs/temp_90f06ed6dcdc414caf91b449cfc3cf9d.v:2.39-2.43"
          }
        },
        "outY": {
          "hide_name": 0,
          "bits": [ 3 ],
          "attributes": {
            "src": "/home/lexo/Desktop/Practica/App/library/verilogs/temp_90f06ed6dcdc414caf91b449cfc3cf9d.v:2.45-2.49"
          }
        }
      }
    }
  }
}
