{
  "creator": "Yosys 0.33 (git sha1 2584903a060)",
  "modules": {
    "top": {
      "attributes": {
        "top": "00000000000000000000000000000001",
        "src": "/home/lexo/Desktop/Practica/App/cello/library/verilogs/temp_95f9f5a593be4dc8b5c5eed46027d4c2.v:1.1-7.13"
      },
      "ports": {
        "tetR": {
          "direction": "input",
          "bits": [ 2 ]
        },
        "lacI": {
          "direction": "input",
          "bits": [ 3 ]
        },
        "Y": {
          "direction": "output",
          "bits": [ 4 ]
        }
      },
      "cells": {
        "$abc$80$auto$blifparse.cc:386:parse_blif$81": {
          "hide_name": 1,
          "type": "$_NOT_",
          "parameters": {
          },
          "attributes": {
          },
          "port_directions": {
            "A": "input",
            "Y": "output"
          },
          "connections": {
            "A": [ 2 ],
            "Y": [ 5 ]
          }
        },
        "$abc$80$auto$blifparse.cc:386:parse_blif$82": {
          "hide_name": 1,
          "type": "$_NOT_",
          "parameters": {
          },
          "attributes": {
          },
          "port_directions": {
            "A": "input",
            "Y": "output"
          },
          "connections": {
            "A": [ 3 ],
            "Y": [ 6 ]
          }
        },
        "$abc$80$auto$blifparse.cc:386:parse_blif$83": {
          "hide_name": 1,
          "type": "$_NOR_",
          "parameters": {
          },
          "attributes": {
          },
          "port_directions": {
            "A": "input",
            "B": "input",
            "Y": "output"
          },
          "connections": {
            "A": [ 5 ],
            "B": [ 6 ],
            "Y": [ 4 ]
          }
        }
      },
      "netnames": {
        "$abc$80$new_n4_": {
          "hide_name": 1,
          "bits": [ 5 ],
          "attributes": {
          }
        },
        "$abc$80$new_n5_": {
          "hide_name": 1,
          "bits": [ 6 ],
          "attributes": {
          }
        },
        "Y": {
          "hide_name": 0,
          "bits": [ 4 ],
          "attributes": {
            "src": "/home/lexo/Desktop/Practica/App/cello/library/verilogs/temp_95f9f5a593be4dc8b5c5eed46027d4c2.v:4.19-4.20"
          }
        },
        "lacI": {
          "hide_name": 0,
          "bits": [ 3 ],
          "attributes": {
            "src": "/home/lexo/Desktop/Practica/App/cello/library/verilogs/temp_95f9f5a593be4dc8b5c5eed46027d4c2.v:3.18-3.22"
          }
        },
        "tetR": {
          "hide_name": 0,
          "bits": [ 2 ],
          "attributes": {
            "src": "/home/lexo/Desktop/Practica/App/cello/library/verilogs/temp_95f9f5a593be4dc8b5c5eed46027d4c2.v:2.18-2.22"
          }
        }
      }
    }
  }
}
