{
  "creator": "Yosys 0.47 (git sha1 647d61dd9, g++-11 11.4.0-1ubuntu1~22.04 -fPIC -O3)",
  "modules": {
    "top": {
      "attributes": {
        "top": "00000000000000000000000000000001",
        "src": "/home/lexo/Desktop/Practica/App/library/verilogs/temp_227307a3b5c94eb89061ee7daa852fd7.v:1.2-3.12"
      },
      "ports": {
        "LacI": {
          "direction": "input",
          "bits": [ 2 ]
        },
        "AraC": {
          "direction": "input",
          "bits": [ 3 ]
        },
        "TetR": {
          "direction": "input",
          "bits": [ 4 ]
        },
        "YFP": {
          "direction": "output",
          "bits": [ 5 ]
        }
      },
      "cells": {
        "$abc$82$auto$blifparse.cc:396:parse_blif$83": {
          "hide_name": 1,
          "type": "$_NOT_",
          "parameters": {
          },
          "attributes": {
          },
          "port_directions": {
            "A": "input",
            "Y": "output"
          },
          "connections": {
            "A": [ 2 ],
            "Y": [ 6 ]
          }
        },
        "$abc$82$auto$blifparse.cc:396:parse_blif$84": {
          "hide_name": 1,
          "type": "$_NOT_",
          "parameters": {
          },
          "attributes": {
          },
          "port_directions": {
            "A": "input",
            "Y": "output"
          },
          "connections": {
            "A": [ 3 ],
            "Y": [ 7 ]
          }
        },
        "$abc$82$auto$blifparse.cc:396:parse_blif$85": {
          "hide_name": 1,
          "type": "$_NOT_",
          "parameters": {
          },
          "attributes": {
          },
          "port_directions": {
            "A": "input",
            "Y": "output"
          },
          "connections": {
            "A": [ 4 ],
            "Y": [ 8 ]
          }
        },
        "$abc$82$auto$blifparse.cc:396:parse_blif$86": {
          "hide_name": 1,
          "type": "$_NOR_",
          "parameters": {
          },
          "attributes": {
          },
          "port_directions": {
            "A": "input",
            "B": "input",
            "Y": "output"
          },
          "connections": {
            "A": [ 6 ],
            "B": [ 7 ],
            "Y": [ 9 ]
          }
        },
        "$abc$82$auto$blifparse.cc:396:parse_blif$87": {
          "hide_name": 1,
          "type": "$_NOT_",
          "parameters": {
          },
          "attributes": {
          },
          "port_directions": {
            "A": "input",
            "Y": "output"
          },
          "connections": {
            "A": [ 9 ],
            "Y": [ 10 ]
          }
        },
        "$abc$82$auto$blifparse.cc:396:parse_blif$88": {
          "hide_name": 1,
          "type": "$_NOR_",
          "parameters": {
          },
          "attributes": {
          },
          "port_directions": {
            "A": "input",
            "B": "input",
            "Y": "output"
          },
          "connections": {
            "A": [ 8 ],
            "B": [ 10 ],
            "Y": [ 5 ]
          }
        }
      },
      "netnames": {
        "$abc$82$new_n5": {
          "hide_name": 1,
          "bits": [ 6 ],
          "attributes": {
          }
        },
        "$abc$82$new_n6": {
          "hide_name": 1,
          "bits": [ 7 ],
          "attributes": {
          }
        },
        "$abc$82$new_n7": {
          "hide_name": 1,
          "bits": [ 8 ],
          "attributes": {
          }
        },
        "$abc$82$new_n8": {
          "hide_name": 1,
          "bits": [ 9 ],
          "attributes": {
          }
        },
        "$abc$82$new_n9": {
          "hide_name": 1,
          "bits": [ 10 ],
          "attributes": {
          }
        },
        "AraC": {
          "hide_name": 0,
          "bits": [ 3 ],
          "attributes": {
            "src": "/home/lexo/Desktop/Practica/App/library/verilogs/temp_227307a3b5c94eb89061ee7daa852fd7.v:1.32-1.36"
          }
        },
        "LacI": {
          "hide_name": 0,
          "bits": [ 2 ],
          "attributes": {
            "src": "/home/lexo/Desktop/Practica/App/library/verilogs/temp_227307a3b5c94eb89061ee7daa852fd7.v:1.20-1.24"
          }
        },
        "TetR": {
          "hide_name": 0,
          "bits": [ 4 ],
          "attributes": {
            "src": "/home/lexo/Desktop/Practica/App/library/verilogs/temp_227307a3b5c94eb89061ee7daa852fd7.v:1.44-1.48"
          }
        },
        "YFP": {
          "hide_name": 0,
          "bits": [ 5 ],
          "attributes": {
            "src": "/home/lexo/Desktop/Practica/App/library/verilogs/temp_227307a3b5c94eb89061ee7daa852fd7.v:1.57-1.60"
          }
        }
      }
    }
  }
}
