{
  "creator": "Yosys 0.47 (git sha1 647d61dd9, g++-11 11.4.0-1ubuntu1~22.04 -fPIC -O3)",
  "modules": {
    "and_gate": {
      "attributes": {
        "top": "00000000000000000000000000000001",
        "src": "/home/lexo/Desktop/Practica/App/cello/library/verilogs/and.v:1.1-1.84"
      },
      "ports": {
        "a": {
          "direction": "input",
          "bits": [ 2 ]
        },
        "b": {
          "direction": "input",
          "bits": [ 3 ]
        },
        "out": {
          "direction": "output",
          "bits": [ 4 ]
        }
      },
      "cells": {
        "$abc$80$auto$blifparse.cc:396:parse_blif$81": {
          "hide_name": 1,
          "type": "$_NOT_",
          "parameters": {
          },
          "attributes": {
          },
          "port_directions": {
            "A": "input",
            "Y": "output"
          },
          "connections": {
            "A": [ 2 ],
            "Y": [ 5 ]
          }
        },
        "$abc$80$auto$blifparse.cc:396:parse_blif$82": {
          "hide_name": 1,
          "type": "$_NOT_",
          "parameters": {
          },
          "attributes": {
          },
          "port_directions": {
            "A": "input",
            "Y": "output"
          },
          "connections": {
            "A": [ 3 ],
            "Y": [ 6 ]
          }
        },
        "$abc$80$auto$blifparse.cc:396:parse_blif$83": {
          "hide_name": 1,
          "type": "$_NOR_",
          "parameters": {
          },
          "attributes": {
          },
          "port_directions": {
            "A": "input",
            "B": "input",
            "Y": "output"
          },
          "connections": {
            "A": [ 5 ],
            "B": [ 6 ],
            "Y": [ 4 ]
          }
        }
      },
      "netnames": {
        "$abc$80$new_n4": {
          "hide_name": 1,
          "bits": [ 5 ],
          "attributes": {
          }
        },
        "$abc$80$new_n5": {
          "hide_name": 1,
          "bits": [ 6 ],
          "attributes": {
          }
        },
        "a": {
          "hide_name": 0,
          "bits": [ 2 ],
          "attributes": {
            "src": "/home/lexo/Desktop/Practica/App/cello/library/verilogs/and.v:1.35-1.36"
          }
        },
        "b": {
          "hide_name": 0,
          "bits": [ 3 ],
          "attributes": {
            "src": "/home/lexo/Desktop/Practica/App/cello/library/verilogs/and.v:1.43-1.44"
          }
        },
        "out": {
          "hide_name": 0,
          "bits": [ 4 ],
          "attributes": {
            "src": "/home/lexo/Desktop/Practica/App/cello/library/verilogs/and.v:1.52-1.55"
          }
        }
      }
    }
  }
}
