{
  "creator": "Yosys 0.33 (git sha1 2584903a060)",
  "modules": {
    "tetralaci": {
      "attributes": {
        "top": "00000000000000000000000000000001",
        "src": "/home/lexo/Desktop/Practica/App/cello/library/verilogs/temp_a10aec2410a94f12b9a63a74037c3772.v:1.1-7.10"
      },
      "ports": {
        "tetr": {
          "direction": "input",
          "bits": [ 2 ]
        },
        "lac": {
          "direction": "input",
          "bits": [ 3 ]
        },
        "yfp": {
          "direction": "output",
          "bits": [ 4 ]
        }
      },
      "cells": {
        "$abc$80$auto$blifparse.cc:386:parse_blif$81": {
          "hide_name": 1,
          "type": "$_NOT_",
          "parameters": {
          },
          "attributes": {
          },
          "port_directions": {
            "A": "input",
            "Y": "output"
          },
          "connections": {
            "A": [ 2 ],
            "Y": [ 5 ]
          }
        },
        "$abc$80$auto$blifparse.cc:386:parse_blif$82": {
          "hide_name": 1,
          "type": "$_NOT_",
          "parameters": {
          },
          "attributes": {
          },
          "port_directions": {
            "A": "input",
            "Y": "output"
          },
          "connections": {
            "A": [ 3 ],
            "Y": [ 6 ]
          }
        },
        "$abc$80$auto$blifparse.cc:386:parse_blif$83": {
          "hide_name": 1,
          "type": "$_NOR_",
          "parameters": {
          },
          "attributes": {
          },
          "port_directions": {
            "A": "input",
            "B": "input",
            "Y": "output"
          },
          "connections": {
            "A": [ 5 ],
            "B": [ 6 ],
            "Y": [ 4 ]
          }
        }
      },
      "netnames": {
        "$abc$80$new_n4_": {
          "hide_name": 1,
          "bits": [ 5 ],
          "attributes": {
          }
        },
        "$abc$80$new_n5_": {
          "hide_name": 1,
          "bits": [ 6 ],
          "attributes": {
          }
        },
        "lac": {
          "hide_name": 0,
          "bits": [ 3 ],
          "attributes": {
            "src": "/home/lexo/Desktop/Practica/App/cello/library/verilogs/temp_a10aec2410a94f12b9a63a74037c3772.v:3.16-3.19"
          }
        },
        "tetr": {
          "hide_name": 0,
          "bits": [ 2 ],
          "attributes": {
            "src": "/home/lexo/Desktop/Practica/App/cello/library/verilogs/temp_a10aec2410a94f12b9a63a74037c3772.v:2.16-2.20"
          }
        },
        "yfp": {
          "hide_name": 0,
          "bits": [ 4 ],
          "attributes": {
            "src": "/home/lexo/Desktop/Practica/App/cello/library/verilogs/temp_a10aec2410a94f12b9a63a74037c3772.v:4.17-4.20"
          }
        }
      }
    }
  }
}
