{
  "creator": "Yosys 0.33 (git sha1 2584903a060)",
  "modules": {
    "and_gate": {
      "attributes": {
        "top": "00000000000000000000000000000001",
        "src": "/home/lexo/Desktop/Practica/App/cello/library/verilogs/temp_4d601bcd2c5d47e990fe2742191e7510.v:1.1-3.14"
      },
      "ports": {
        "Y": {
          "direction": "output",
          "bits": [ 2 ]
        },
        "TetR": {
          "direction": "input",
          "bits": [ 3 ]
        },
        "LacI": {
          "direction": "input",
          "bits": [ 4 ]
        }
      },
      "cells": {
        "$abc$80$auto$blifparse.cc:386:parse_blif$81": {
          "hide_name": 1,
          "type": "$_NOT_",
          "parameters": {
          },
          "attributes": {
          },
          "port_directions": {
            "A": "input",
            "Y": "output"
          },
          "connections": {
            "A": [ 3 ],
            "Y": [ 5 ]
          }
        },
        "$abc$80$auto$blifparse.cc:386:parse_blif$82": {
          "hide_name": 1,
          "type": "$_NOT_",
          "parameters": {
          },
          "attributes": {
          },
          "port_directions": {
            "A": "input",
            "Y": "output"
          },
          "connections": {
            "A": [ 4 ],
            "Y": [ 6 ]
          }
        },
        "$abc$80$auto$blifparse.cc:386:parse_blif$83": {
          "hide_name": 1,
          "type": "$_NOR_",
          "parameters": {
          },
          "attributes": {
          },
          "port_directions": {
            "A": "input",
            "B": "input",
            "Y": "output"
          },
          "connections": {
            "A": [ 5 ],
            "B": [ 6 ],
            "Y": [ 2 ]
          }
        }
      },
      "netnames": {
        "$abc$80$new_n4_": {
          "hide_name": 1,
          "bits": [ 5 ],
          "attributes": {
          }
        },
        "$abc$80$new_n5_": {
          "hide_name": 1,
          "bits": [ 6 ],
          "attributes": {
          }
        },
        "LacI": {
          "hide_name": 0,
          "bits": [ 4 ],
          "attributes": {
            "src": "/home/lexo/Desktop/Practica/App/cello/library/verilogs/temp_4d601bcd2c5d47e990fe2742191e7510.v:1.39-1.43"
          }
        },
        "TetR": {
          "hide_name": 0,
          "bits": [ 3 ],
          "attributes": {
            "src": "/home/lexo/Desktop/Practica/App/cello/library/verilogs/temp_4d601bcd2c5d47e990fe2742191e7510.v:1.33-1.37"
          }
        },
        "Y": {
          "hide_name": 0,
          "bits": [ 2 ],
          "attributes": {
            "src": "/home/lexo/Desktop/Practica/App/cello/library/verilogs/temp_4d601bcd2c5d47e990fe2742191e7510.v:1.24-1.25"
          }
        }
      }
    }
  }
}
