{
  "creator": "Yosys 0.47 (git sha1 647d61dd9, g++-11 11.4.0-1ubuntu1~22.04 -fPIC -O3)",
  "modules": {
    "top": {
      "attributes": {
        "top": "00000000000000000000000000000001",
        "src": "/home/lexo/Desktop/Practica/App/library/verilogs/temp_dc3ca5dac8554deaa9bf153c082a6775.v:1.2-3.12"
      },
      "ports": {
        "A": {
          "direction": "input",
          "bits": [ 2 ]
        },
        "B": {
          "direction": "input",
          "bits": [ 3 ]
        },
        "C": {
          "direction": "input",
          "bits": [ 4 ]
        },
        "D": {
          "direction": "output",
          "bits": [ 5 ]
        }
      },
      "cells": {
        "$abc$94$auto$blifparse.cc:396:parse_blif$100": {
          "hide_name": 1,
          "type": "$_NOR_",
          "parameters": {
          },
          "attributes": {
          },
          "port_directions": {
            "A": "input",
            "B": "input",
            "Y": "output"
          },
          "connections": {
            "A": [ 3 ],
            "B": [ 6 ],
            "Y": [ 7 ]
          }
        },
        "$abc$94$auto$blifparse.cc:396:parse_blif$101": {
          "hide_name": 1,
          "type": "$_NOR_",
          "parameters": {
          },
          "attributes": {
          },
          "port_directions": {
            "A": "input",
            "B": "input",
            "Y": "output"
          },
          "connections": {
            "A": [ 8 ],
            "B": [ 9 ],
            "Y": [ 10 ]
          }
        },
        "$abc$94$auto$blifparse.cc:396:parse_blif$102": {
          "hide_name": 1,
          "type": "$_NOR_",
          "parameters": {
          },
          "attributes": {
          },
          "port_directions": {
            "A": "input",
            "B": "input",
            "Y": "output"
          },
          "connections": {
            "A": [ 7 ],
            "B": [ 10 ],
            "Y": [ 5 ]
          }
        },
        "$abc$94$auto$blifparse.cc:396:parse_blif$95": {
          "hide_name": 1,
          "type": "$_NOT_",
          "parameters": {
          },
          "attributes": {
          },
          "port_directions": {
            "A": "input",
            "Y": "output"
          },
          "connections": {
            "A": [ 4 ],
            "Y": [ 11 ]
          }
        },
        "$abc$94$auto$blifparse.cc:396:parse_blif$96": {
          "hide_name": 1,
          "type": "$_NOT_",
          "parameters": {
          },
          "attributes": {
          },
          "port_directions": {
            "A": "input",
            "Y": "output"
          },
          "connections": {
            "A": [ 2 ],
            "Y": [ 12 ]
          }
        },
        "$abc$94$auto$blifparse.cc:396:parse_blif$97": {
          "hide_name": 1,
          "type": "$_NOT_",
          "parameters": {
          },
          "attributes": {
          },
          "port_directions": {
            "A": "input",
            "Y": "output"
          },
          "connections": {
            "A": [ 3 ],
            "Y": [ 8 ]
          }
        },
        "$abc$94$auto$blifparse.cc:396:parse_blif$98": {
          "hide_name": 1,
          "type": "$_NOR_",
          "parameters": {
          },
          "attributes": {
          },
          "port_directions": {
            "A": "input",
            "B": "input",
            "Y": "output"
          },
          "connections": {
            "A": [ 11 ],
            "B": [ 2 ],
            "Y": [ 6 ]
          }
        },
        "$abc$94$auto$blifparse.cc:396:parse_blif$99": {
          "hide_name": 1,
          "type": "$_NOR_",
          "parameters": {
          },
          "attributes": {
          },
          "port_directions": {
            "A": "input",
            "B": "input",
            "Y": "output"
          },
          "connections": {
            "A": [ 4 ],
            "B": [ 12 ],
            "Y": [ 9 ]
          }
        }
      },
      "netnames": {
        "$abc$94$new_n10": {
          "hide_name": 1,
          "bits": [ 7 ],
          "attributes": {
          }
        },
        "$abc$94$new_n11": {
          "hide_name": 1,
          "bits": [ 10 ],
          "attributes": {
          }
        },
        "$abc$94$new_n5": {
          "hide_name": 1,
          "bits": [ 11 ],
          "attributes": {
          }
        },
        "$abc$94$new_n6": {
          "hide_name": 1,
          "bits": [ 12 ],
          "attributes": {
          }
        },
        "$abc$94$new_n7": {
          "hide_name": 1,
          "bits": [ 8 ],
          "attributes": {
          }
        },
        "$abc$94$new_n8": {
          "hide_name": 1,
          "bits": [ 6 ],
          "attributes": {
          }
        },
        "$abc$94$new_n9": {
          "hide_name": 1,
          "bits": [ 9 ],
          "attributes": {
          }
        },
        "A": {
          "hide_name": 0,
          "bits": [ 2 ],
          "attributes": {
            "src": "/home/lexo/Desktop/Practica/App/library/verilogs/temp_dc3ca5dac8554deaa9bf153c082a6775.v:1.20-1.21"
          }
        },
        "B": {
          "hide_name": 0,
          "bits": [ 3 ],
          "attributes": {
            "src": "/home/lexo/Desktop/Practica/App/library/verilogs/temp_dc3ca5dac8554deaa9bf153c082a6775.v:1.29-1.30"
          }
        },
        "C": {
          "hide_name": 0,
          "bits": [ 4 ],
          "attributes": {
            "src": "/home/lexo/Desktop/Practica/App/library/verilogs/temp_dc3ca5dac8554deaa9bf153c082a6775.v:1.38-1.39"
          }
        },
        "D": {
          "hide_name": 0,
          "bits": [ 5 ],
          "attributes": {
            "src": "/home/lexo/Desktop/Practica/App/library/verilogs/temp_dc3ca5dac8554deaa9bf153c082a6775.v:1.48-1.49"
          }
        }
      }
    }
  }
}
