{
  "creator": "Yosys 0.47 (git sha1 647d61dd9, g++-11 11.4.0-1ubuntu1~22.04 -fPIC -O3)",
  "modules": {
    "top": {
      "attributes": {
        "top": "00000000000000000000000000000001",
        "src": "/home/lexo/Desktop/Practica/App/library/verilogs/temp_ca976f0061be45e4902120a4514d8d6d.v:1.2-8.12"
      },
      "ports": {
        "in[0]": {
          "direction": "input",
          "bits": [ 2 ]
        },
        "in[1]": {
          "direction": "input",
          "offset": 1,
          "bits": [ 3 ]
        },
        "in[2]": {
          "direction": "input",
          "offset": 2,
          "bits": [ 4 ]
        },
        "outX": {
          "direction": "output",
          "bits": [ 5 ]
        },
        "outY": {
          "direction": "output",
          "bits": [ 6 ]
        }
      },
      "cells": {
        "$abc$90$auto$blifparse.cc:396:parse_blif$91": {
          "hide_name": 1,
          "type": "$_NOT_",
          "parameters": {
          },
          "attributes": {
          },
          "port_directions": {
            "A": "input",
            "Y": "output"
          },
          "connections": {
            "A": [ 3 ],
            "Y": [ 7 ]
          }
        },
        "$abc$90$auto$blifparse.cc:396:parse_blif$92": {
          "hide_name": 1,
          "type": "$_NOT_",
          "parameters": {
          },
          "attributes": {
          },
          "port_directions": {
            "A": "input",
            "Y": "output"
          },
          "connections": {
            "A": [ 4 ],
            "Y": [ 8 ]
          }
        },
        "$abc$90$auto$blifparse.cc:396:parse_blif$93": {
          "hide_name": 1,
          "type": "$_NOT_",
          "parameters": {
          },
          "attributes": {
          },
          "port_directions": {
            "A": "input",
            "Y": "output"
          },
          "connections": {
            "A": [ 2 ],
            "Y": [ 5 ]
          }
        },
        "$abc$90$auto$blifparse.cc:396:parse_blif$94": {
          "hide_name": 1,
          "type": "$_NOR_",
          "parameters": {
          },
          "attributes": {
          },
          "port_directions": {
            "A": "input",
            "B": "input",
            "Y": "output"
          },
          "connections": {
            "A": [ 3 ],
            "B": [ 4 ],
            "Y": [ 9 ]
          }
        },
        "$abc$90$auto$blifparse.cc:396:parse_blif$95": {
          "hide_name": 1,
          "type": "$_NOR_",
          "parameters": {
          },
          "attributes": {
          },
          "port_directions": {
            "A": "input",
            "B": "input",
            "Y": "output"
          },
          "connections": {
            "A": [ 7 ],
            "B": [ 8 ],
            "Y": [ 10 ]
          }
        },
        "$abc$90$auto$blifparse.cc:396:parse_blif$96": {
          "hide_name": 1,
          "type": "$_NOR_",
          "parameters": {
          },
          "attributes": {
          },
          "port_directions": {
            "A": "input",
            "B": "input",
            "Y": "output"
          },
          "connections": {
            "A": [ 9 ],
            "B": [ 10 ],
            "Y": [ 6 ]
          }
        }
      },
      "netnames": {
        "$abc$90$new_n10": {
          "hide_name": 1,
          "bits": [ 10 ],
          "attributes": {
          }
        },
        "$abc$90$new_n6": {
          "hide_name": 1,
          "bits": [ 7 ],
          "attributes": {
          }
        },
        "$abc$90$new_n7": {
          "hide_name": 1,
          "bits": [ 8 ],
          "attributes": {
          }
        },
        "$abc$90$new_n9": {
          "hide_name": 1,
          "bits": [ 9 ],
          "attributes": {
          }
        },
        "in[0]": {
          "hide_name": 0,
          "bits": [ 2 ],
          "attributes": {
            "src": "/home/lexo/Desktop/Practica/App/library/verilogs/temp_ca976f0061be45e4902120a4514d8d6d.v:2.19-2.21"
          }
        },
        "in[1]": {
          "hide_name": 0,
          "bits": [ 3 ],
          "offset": 1,
          "attributes": {
            "src": "/home/lexo/Desktop/Practica/App/library/verilogs/temp_ca976f0061be45e4902120a4514d8d6d.v:2.19-2.21"
          }
        },
        "in[2]": {
          "hide_name": 0,
          "bits": [ 4 ],
          "offset": 2,
          "attributes": {
            "src": "/home/lexo/Desktop/Practica/App/library/verilogs/temp_ca976f0061be45e4902120a4514d8d6d.v:2.19-2.21"
          }
        },
        "outX": {
          "hide_name": 0,
          "bits": [ 5 ],
          "attributes": {
            "src": "/home/lexo/Desktop/Practica/App/library/verilogs/temp_ca976f0061be45e4902120a4514d8d6d.v:3.14-3.18"
          }
        },
        "outY": {
          "hide_name": 0,
          "bits": [ 6 ],
          "attributes": {
            "src": "/home/lexo/Desktop/Practica/App/library/verilogs/temp_ca976f0061be45e4902120a4514d8d6d.v:4.14-4.18"
          }
        }
      }
    }
  }
}
