{
  "creator": "Yosys 0.33 (git sha1 2584903a060)",
  "modules": {
    "toggle_YFP": {
      "attributes": {
        "top": "00000000000000000000000000000001",
        "src": "/home/lexo/Desktop/Practica/App/library/verilogs/temp_ddf46382c37944ae860116fb4413a91b.v:1.2-5.12"
      },
      "ports": {
        "TetR": {
          "direction": "input",
          "bits": [ 2 ]
        },
        "LacI": {
          "direction": "input",
          "bits": [ 3 ]
        },
        "YFP": {
          "direction": "output",
          "bits": [ 4 ]
        }
      },
      "cells": {
        "$abc$82$auto$blifparse.cc:386:parse_blif$83": {
          "hide_name": 1,
          "type": "$_NOT_",
          "parameters": {
          },
          "attributes": {
          },
          "port_directions": {
            "A": "input",
            "Y": "output"
          },
          "connections": {
            "A": [ 2 ],
            "Y": [ 5 ]
          }
        },
        "$abc$82$auto$blifparse.cc:386:parse_blif$84": {
          "hide_name": 1,
          "type": "$_NOT_",
          "parameters": {
          },
          "attributes": {
          },
          "port_directions": {
            "A": "input",
            "Y": "output"
          },
          "connections": {
            "A": [ 3 ],
            "Y": [ 6 ]
          }
        },
        "$abc$82$auto$blifparse.cc:386:parse_blif$85": {
          "hide_name": 1,
          "type": "$_NOR_",
          "parameters": {
          },
          "attributes": {
          },
          "port_directions": {
            "A": "input",
            "B": "input",
            "Y": "output"
          },
          "connections": {
            "A": [ 5 ],
            "B": [ 6 ],
            "Y": [ 7 ]
          }
        },
        "$abc$82$auto$blifparse.cc:386:parse_blif$86": {
          "hide_name": 1,
          "type": "$_NOT_",
          "parameters": {
          },
          "attributes": {
          },
          "port_directions": {
            "A": "input",
            "Y": "output"
          },
          "connections": {
            "A": [ 7 ],
            "Y": [ 4 ]
          }
        }
      },
      "netnames": {
        "$abc$82$new_n4_": {
          "hide_name": 1,
          "bits": [ 5 ],
          "attributes": {
          }
        },
        "$abc$82$new_n5_": {
          "hide_name": 1,
          "bits": [ 6 ],
          "attributes": {
          }
        },
        "$abc$82$new_n6_": {
          "hide_name": 1,
          "bits": [ 7 ],
          "attributes": {
          }
        },
        "LacI": {
          "hide_name": 0,
          "bits": [ 3 ],
          "attributes": {
            "src": "/home/lexo/Desktop/Practica/App/library/verilogs/temp_ddf46382c37944ae860116fb4413a91b.v:1.38-1.42"
          }
        },
        "TetR": {
          "hide_name": 0,
          "bits": [ 2 ],
          "attributes": {
            "src": "/home/lexo/Desktop/Practica/App/library/verilogs/temp_ddf46382c37944ae860116fb4413a91b.v:1.26-1.30"
          }
        },
        "YFP": {
          "hide_name": 0,
          "bits": [ 4 ],
          "attributes": {
            "src": "/home/lexo/Desktop/Practica/App/library/verilogs/temp_ddf46382c37944ae860116fb4413a91b.v:1.51-1.54"
          }
        }
      }
    }
  }
}
